timestamp,tipo,severidade,valor,limite
1778980186,transformador/nucleo/delta_t,aviso,19.36,15
1778980186,transformador/vibracao/fft_120hz,aviso,0.38,0.2
1778980188,transformador/secundario/corrente,aviso,43.97,30
1778980192,transformador/vibracao/fft_240hz,critico,0.35,0.25
1778980194,transformador/nucleo/temperatura,aviso,78.86,70
1778980197,transformador/primario/corrente,aviso,4.34,4
1778980201,transformador/vibracao/fft_240hz,aviso,0.19,0.1
1778980230,transformador/secundario/corrente,aviso,31.45,30
1778980231,transformador/vibracao/fft_120hz,critico,0.47,0.45
1778980242,transformador/vibracao/fft_240hz,aviso,0.17,0.1
1778980248,transformador/secundario/corrente,critico,52.43,45
1778980249,transformador/vibracao/fft_240hz,aviso,0.21,0.1
1778980257,transformador/vibracao/fft_240hz,aviso,0.23,0.1
1778980261,transformador/nucleo/delta_t,aviso,20.73,15
1778980275,transformador/nucleo/delta_t,critico,27.36,25
1778980278,transformador/vibracao/fft_240hz,aviso,0.23,0.1
1778980284,transformador/vibracao/fft_240hz,critico,0.27,0.25
1778980294,transformador/vibracao/fft_240hz,critico,0.27,0.25
1778980300,transformador/vibracao/fft_120hz,aviso,0.43,0.2
1778980303,transformador/vibracao/fft_120hz,aviso,0.33,0.2
1778980305,transformador/vibracao/fft_240hz,critico,0.3,0.25
1778980308,transformador/primario/corrente,aviso,4.01,4
1778980308,transformador/vibracao/fft_240hz,critico,0.25,0.25
1778980309,transformador/secundario/corrente,critico,51.15,45
1778980315,transformador/vibracao/fft_120hz,aviso,0.34,0.2
1778980321,transformador/secundario/corrente,aviso,36.35,30
1778980321,transformador/vibracao/fft_240hz,critico,0.26,0.25
1778980335,transformador/secundario/corrente,critico,53.78,45
1778980344,transformador/vibracao/fft_120hz,aviso,0.44,0.2
1778980344,transformador/vibracao/fft_240hz,critico,0.29,0.25
1778980345,transformador/secundario/corrente,critico,46.52,45
1778980347,transformador/vibracao/fft_120hz,critico,0.48,0.45
1778980350,transformador/vibracao/fft_240hz,aviso,0.19,0.1
1778980354,transformador/vibracao/fft_120hz,critico,0.59,0.45
1778980365,transformador/vibracao/fft_120hz,aviso,0.32,0.2
1778980381,transformador/nucleo/temperatura,critico,88.49,85
1778980392,transformador/vibracao/fft_120hz,critico,0.67,0.45
1778980399,transformador/primario/corrente,critico,6.39,6
1778980402,transformador/primario/corrente,critico,6.03,6
1778980404,transformador/nucleo/temperatura,aviso,77.62,70
1778980404,transformador/nucleo/delta_t,aviso,17.24,15
1778980413,transformador/nucleo/temperatura,aviso,74.8,70
1778980416,transformador/primario/corrente,aviso,5.5,4
1778980419,transformador/vibracao/fft_240hz,aviso,0.11,0.1
1778980422,transformador/vibracao/fft_240hz,critico,0.3,0.25
1778980428,transformador/secundario/corrente,aviso,36.35,30
1778980431,transformador/vibracao/fft_120hz,aviso,0.29,0.2
1778980431,transformador/vibracao/fft_240hz,aviso,0.24,0.1
1778980446,transformador/vibracao/fft_120hz,critico,0.6,0.45
1778980446,transformador/vibracao/fft_240hz,aviso,0.17,0.1
1778980452,transformador/primario/corrente,critico,6.33,6
1778980458,transformador/vibracao/fft_120hz,critico,0.54,0.45
1778980468,transformador/primario/corrente,aviso,4.65,4
1778980471,transformador/secundario/corrente,critico,51.94,45
1778980471,transformador/vibracao/fft_240hz,aviso,0.19,0.1
1778980488,transformador/primario/corrente,aviso,4.65,4
1778980495,transformador/vibracao/fft_120hz,critico,0.72,0.45
1778980497,transformador/nucleo/temperatura,aviso,72.87,70
1778980500,transformador/vibracao/fft_120hz,aviso,0.4,0.2
1778980506,transformador/nucleo/temperatura,aviso,70.87,70
1778980510,transformador/nucleo/temperatura,aviso,82.17,70
1778980531,transformador/primario/corrente,aviso,5.82,4
1778980539,transformador/vibracao/fft_120hz,critico,0.45,0.45
1778980546,transformador/vibracao/fft_120hz,aviso,0.42,0.2
1778980546,transformador/vibracao/fft_240hz,critico,0.36,0.25
1778980555,transformador/vibracao/fft_240hz,critico,0.26,0.25
1778980564,transformador/nucleo/temperatura,aviso,73.35,70
1778980567,transformador/primario/corrente,aviso,5.5,4
1778980575,transformador/nucleo/delta_t,aviso,24.39,15
1778980575,transformador/primario/corrente,aviso,5.18,4
1778980576,transformador/primario/corrente,critico,7.16,6
1778980585,transformador/vibracao/fft_120hz,critico,0.45,0.45
1778980587,transformador/nucleo/temperatura,critico,92.48,85
1778980615,transformador/nucleo/temperatura,aviso,77.48,70
1778980615,transformador/vibracao/fft_120hz,aviso,0.36,0.2
1778980630,transformador/nucleo/temperatura,aviso,81.48,70
1778980631,transformador/primario/corrente,aviso,5.85,4
1778980640,transformador/secundario/corrente,critico,46.56,45
1778980640,transformador/vibracao/fft_240hz,aviso,0.13,0.1
1778980654,transformador/vibracao/fft_240hz,aviso,0.24,0.1
1778980660,transformador/vibracao/fft_240hz,critico,0.3,0.25
1778980670,transformador/vibracao/fft_120hz,aviso,0.32,0.2
1778980676,transformador/nucleo/delta_t,aviso,20.56,15
1778980688,transformador/vibracao/fft_120hz,aviso,0.34,0.2
1778980688,transformador/vibracao/fft_240hz,aviso,0.22,0.1
1778980696,transformador/nucleo/temperatura,aviso,70.43,70
1778980696,transformador/nucleo/delta_t,critico,26.26,25
1778980697,transformador/vibracao/fft_120hz,aviso,0.35,0.2
1778980721,transformador/vibracao/fft_120hz,critico,0.62,0.45
1778980727,transformador/nucleo/delta_t,critico,28.95,25
1778980729,transformador/vibracao/fft_120hz,aviso,0.34,0.2
1778980730,transformador/vibracao/fft_240hz,critico,0.29,0.25
1778980742,transformador/vibracao/fft_120hz,critico,0.52,0.45
1778980744,transformador/secundario/corrente,critico,45.51,45
1778980753,transformador/vibracao/fft_240hz,critico,0.29,0.25
1778980754,transformador/vibracao/fft_240hz,aviso,0.18,0.1
1778980762,transformador/vibracao/fft_240hz,aviso,0.2,0.1
1778980777,transformador/nucleo/temperatura,aviso,76.7,70
1778980777,transformador/vibracao/fft_120hz,aviso,0.4,0.2
1778980783,transformador/vibracao/fft_120hz,aviso,0.34,0.2
1778980784,transformador/nucleo/temperatura,aviso,73.51,70
1778980793,transformador/secundario/corrente,aviso,36.87,30
1778980795,transformador/secundario/corrente,critico,54.78,45
1778980798,transformador/secundario/corrente,aviso,32.27,30
1778980798,transformador/vibracao/fft_120hz,aviso,0.38,0.2
1778980799,transformador/nucleo/delta_t,aviso,22.03,15
1778980801,transformador/nucleo/delta_t,aviso,18.57,15
1778980802,transformador/vibracao/fft_240hz,critico,0.34,0.25
1778980804,transformador/nucleo/temperatura,aviso,78.15,70
1778980808,transformador/primario/corrente,aviso,5.03,4
1778980819,transformador/vibracao/fft_120hz,critico,0.51,0.45
1778980830,transformador/vibracao/fft_120hz,critico,0.49,0.45
1778980831,transformador/vibracao/fft_120hz,aviso,0.42,0.2
1778980834,transformador/secundario/corrente,aviso,31.6,30
1778981100,transformador/secundario/corrente,aviso,40.26,30
1778981103,transformador/nucleo/delta_t,critico,30.75,25
1778981106,transformador/vibracao/fft_240hz,critico,0.25,0.25
1778981109,transformador/nucleo/temperatura,aviso,77.02,70
1778981117,transformador/secundario/corrente,aviso,39.11,30
1778981119,transformador/nucleo/delta_t,critico,25.84,25
1778981120,transformador/vibracao/fft_120hz,critico,0.51,0.45
1778981130,transformador/nucleo/temperatura,aviso,80.72,70
1778981130,transformador/vibracao/fft_120hz,critico,0.63,0.45
1778981138,transformador/primario/corrente,aviso,5.22,4
1778981148,transformador/vibracao/fft_120hz,aviso,0.41,0.2
1778981160,transformador/vibracao/fft_120hz,aviso,0.32,0.2
1778981161,transformador/vibracao/fft_240hz,aviso,0.23,0.1
1778981165,transformador/vibracao/fft_240hz,aviso,0.2,0.1
1778981168,transformador/secundario/corrente,critico,52.35,45
1778981169,transformador/nucleo/delta_t,critico,25.64,25
1778981171,transformador/nucleo/delta_t,aviso,15.65,15
1778981173,transformador/primario/corrente,aviso,4.96,4
1778981175,transformador/vibracao/fft_240hz,aviso,0.17,0.1
1778981176,transformador/primario/corrente,critico,6.08,6
1778981187,transformador/primario/corrente,aviso,5.96,4
1778981193,transformador/vibracao/fft_120hz,critico,0.7,0.45
1778981196,transformador/vibracao/fft_240hz,aviso,0.18,0.1
1778981205,transformador/primario/corrente,critico,6.41,6
1778981206,transformador/vibracao/fft_120hz,aviso,0.35,0.2
1778981209,transformador/nucleo/temperatura,aviso,77.21,70
1778981211,transformador/secundario/corrente,critico,50.23,45
1778981218,transformador/secundario/corrente,aviso,31.18,30
1778981226,transformador/secundario/corrente,aviso,37.37,30
1778981228,transformador/nucleo/temperatura,aviso,74.55,70
1778981229,transformador/primario/corrente,critico,6.16,6
1778981239,transformador/vibracao/fft_240hz,critico,0.25,0.25
1778981241,transformador/nucleo/delta_t,aviso,19.84,15
1778981245,transformador/vibracao/fft_240hz,critico,0.32,0.25
1778981246,transformador/nucleo/temperatura,critico,86.38,85
1778981254,transformador/vibracao/fft_240hz,critico,0.33,0.25
1778981256,transformador/nucleo/delta_t,aviso,19.83,15
1778981256,transformador/primario/corrente,aviso,5.74,4
1778981259,transformador/primario/corrente,critico,7.35,6
1778981260,transformador/vibracao/fft_120hz,aviso,0.37,0.2
1778981260,transformador/vibracao/fft_240hz,aviso,0.18,0.1
1778981266,transformador/nucleo/temperatura,critico,93.98,85
1778981274,transformador/secundario/corrente,critico,51.18,45
1778981274,transformador/vibracao/fft_240hz,critico,0.25,0.25
1778981282,transformador/vibracao/fft_240hz,aviso,0.15,0.1
1778981290,transformador/nucleo/temperatura,aviso,75.12,70
1778981292,transformador/nucleo/delta_t,aviso,18.79,15
1778981293,transformador/primario/corrente,critico,6.85,6
1778981297,transformador/nucleo/temperatura,critico,85.52,85
1778981302,transformador/vibracao/fft_120hz,critico,0.66,0.45
1778981304,transformador/vibracao/fft_120hz,aviso,0.34,0.2
1778981305,transformador/secundario/corrente,critico,48.57,45
1778981307,transformador/primario/corrente,critico,6.16,6
1778981314,transformador/nucleo/temperatura,aviso,84.99,70
1778981315,transformador/nucleo/temperatura,critico,87.54,85
1778981317,transformador/secundario/corrente,aviso,32.84,30
1778981319,transformador/primario/corrente,aviso,5.51,4
1778981319,transformador/vibracao/fft_120hz,aviso,0.32,0.2
1778981322,transformador/vibracao/fft_120hz,critico,0.57,0.45
1778981337,transformador/primario/corrente,aviso,4.6,4
1778981338,transformador/nucleo/temperatura,aviso,72.43,70
1778981338,transformador/vibracao/fft_240hz,aviso,0.17,0.1
1778981342,transformador/primario/corrente,critico,6.82,6
1778981343,transformador/vibracao/fft_120hz,aviso,0.37,0.2
1778981344,transformador/nucleo/delta_t,critico,25.64,25
1778981344,transformador/primario/corrente,critico,6.39,6
1778981344,transformador/vibracao/fft_120hz,critico,0.47,0.45
1778981345,transformador/nucleo/temperatura,aviso,78.33,70
1778981345,transformador/vibracao/fft_240hz,aviso,0.15,0.1
1778981348,transformador/primario/corrente,critico,6.97,6
1778981349,transformador/vibracao/fft_240hz,aviso,0.19,0.1
1778981350,transformador/vibracao/fft_240hz,critico,0.26,0.25
1778981351,transformador/vibracao/fft_120hz,critico,0.49,0.45
1778981352,transformador/vibracao/fft_240hz,aviso,0.17,0.1
1778981354,transformador/secundario/corrente,critico,52.32,45
1778981356,transformador/primario/corrente,critico,6.63,6
1778981360,transformador/nucleo/temperatura,aviso,77.58,70
1778981363,transformador/vibracao/fft_240hz,critico,0.3,0.25
1778981366,transformador/nucleo/delta_t,aviso,18.85,15
1778981366,transformador/vibracao/fft_120hz,critico,0.48,0.45
1778981369,transformador/primario/corrente,aviso,5.76,4
1778981377,transformador/nucleo/delta_t,aviso,15.4,15
1778981383,transformador/secundario/corrente,aviso,41.35,30
1778981383,transformador/vibracao/fft_240hz,aviso,0.21,0.1
1778981386,transformador/secundario/corrente,aviso,43.43,30
1778981387,transformador/vibracao/fft_120hz,critico,0.51,0.45
1778981392,transformador/vibracao/fft_240hz,aviso,0.13,0.1
1778981397,transformador/vibracao/fft_120hz,aviso,0.44,0.2
1778981398,transformador/nucleo/temperatura,aviso,81.78,70
1778981412,transformador/vibracao/fft_120hz,critico,0.52,0.45
1778981413,transformador/vibracao/fft_120hz,critico,0.48,0.45
1778981420,transformador/vibracao/fft_120hz,critico,0.6,0.45
1778981422,transformador/secundario/corrente,critico,45.43,45
1778981429,transformador/nucleo/temperatura,aviso,71.48,70
1778981430,transformador/vibracao/fft_240hz,aviso,0.24,0.1
1778981431,transformador/vibracao/fft_120hz,aviso,0.36,0.2
1778981432,transformador/nucleo/delta_t,aviso,15.64,15
1778981435,transformador/secundario/corrente,aviso,43.6,30
1778981437,transformador/vibracao/fft_240hz,aviso,0.21,0.1
1778981439,transformador/nucleo/temperatura,aviso,78.49,70
1778981441,transformador/primario/corrente,aviso,5.14,4
1778981450,transformador/primario/corrente,aviso,5.25,4
1778981454,transformador/secundario/corrente,aviso,44.83,30
1778981456,transformador/primario/corrente,aviso,5.99,4
1778981461,transformador/primario/corrente,aviso,4.56,4
1778981466,transformador/nucleo/delta_t,aviso,19.09,15
1778981472,transformador/vibracao/fft_240hz,aviso,0.21,0.1
1778981474,transformador/secundario/corrente,aviso,43.75,30
1778981477,transformador/primario/corrente,critico,7.84,6
1778981480,transformador/nucleo/temperatura,aviso,75,70
1778981480,transformador/secundario/corrente,critico,51.4,45
1778981487,transformador/primario/corrente,aviso,5,4
1778981491,transformador/primario/corrente,critico,6.17,6
1778981493,transformador/vibracao/fft_120hz,critico,0.55,0.45
1778981497,transformador/vibracao/fft_240hz,critico,0.31,0.25
1778981502,transformador/primario/corrente,aviso,4.22,4
1778981504,transformador/nucleo/temperatura,aviso,72.39,70
1778981508,transformador/nucleo/delta_t,aviso,18.87,15
1778981511,transformador/secundario/corrente,critico,50.11,45
1778981518,transformador/vibracao/fft_240hz,aviso,0.23,0.1
1778981520,transformador/vibracao/fft_120hz,aviso,0.38,0.2
1778981528,transformador/vibracao/fft_120hz,critico,0.57,0.45
1778981543,transformador/primario/corrente,critico,6.67,6
1778981544,transformador/secundario/corrente,aviso,43.63,30
1778981547,transformador/vibracao/fft_120hz,critico,0.61,0.45
1778981550,transformador/nucleo/delta_t,critico,25.96,25
1778981572,transformador/primario/corrente,aviso,5.44,4
1778981572,transformador/vibracao/fft_120hz,critico,0.57,0.45
1778981573,transformador/secundario/corrente,aviso,36.82,30
1778981574,transformador/nucleo/temperatura,aviso,70.07,70
1778981576,transformador/vibracao/fft_120hz,aviso,0.25,0.2
1778981578,transformador/nucleo/temperatura,aviso,71.86,70
1778981591,transformador/vibracao/fft_120hz,aviso,0.4,0.2
1778981592,transformador/vibracao/fft_120hz,aviso,0.32,0.2
1778981595,transformador/nucleo/temperatura,aviso,75.43,70
1778981596,transformador/nucleo/delta_t,aviso,21.32,15
1778981597,transformador/nucleo/delta_t,aviso,19.4,15
1778981603,transformador/vibracao/fft_240hz,critico,0.27,0.25
1778981607,transformador/primario/corrente,critico,6,6
1778981610,transformador/nucleo/temperatura,critico,89.82,85
1778981614,transformador/nucleo/temperatura,aviso,76.04,70
1778981618,transformador/secundario/corrente,aviso,33.43,30
1778981624,transformador/vibracao/fft_240hz,critico,0.25,0.25
1778981627,transformador/primario/corrente,aviso,5.17,4
1778981628,transformador/primario/corrente,aviso,5.81,4
1778981633,transformador/vibracao/fft_120hz,critico,0.69,0.45
1778981636,transformador/primario/corrente,aviso,4.48,4
1778981637,transformador/secundario/corrente,critico,45.86,45
1778981637,transformador/vibracao/fft_120hz,aviso,0.38,0.2
1778981639,transformador/secundario/corrente,critico,48.59,45
1778981642,transformador/nucleo/delta_t,aviso,20.18,15
1778981647,transformador/vibracao/fft_120hz,critico,0.49,0.45
1778981649,transformador/primario/corrente,critico,6.42,6
1778981651,transformador/vibracao/fft_240hz,critico,0.26,0.25
1778981655,transformador/primario/corrente,aviso,5.41,4
1778981661,transformador/secundario/corrente,critico,47.92,45
1778981663,transformador/nucleo/temperatura,aviso,74.41,70
1778981664,transformador/vibracao/fft_120hz,aviso,0.37,0.2
1778981668,transformador/vibracao/fft_120hz,critico,0.57,0.45
1778981672,transformador/vibracao/fft_120hz,critico,0.59,0.45
1778981678,transformador/nucleo/temperatura,aviso,75.39,70
1778981682,transformador/vibracao/fft_240hz,critico,0.31,0.25
1778981695,transformador/secundario/corrente,aviso,30.53,30
1778981696,transformador/primario/corrente,aviso,5.23,4
1778981698,transformador/secundario/corrente,critico,48.25,45
1778981707,transformador/vibracao/fft_240hz,aviso,0.24,0.1
1778981709,transformador/vibracao/fft_120hz,aviso,0.27,0.2
1778981718,transformador/primario/corrente,critico,7.07,6
1778981719,transformador/secundario/corrente,aviso,35.5,30
1778981724,transformador/secundario/corrente,critico,49.12,45
1778981725,transformador/secundario/corrente,critico,45.18,45
1778981727,transformador/nucleo/temperatura,aviso,78.93,70
1778981731,transformador/secundario/corrente,aviso,44.46,30
1778981733,transformador/nucleo/temperatura,critico,92.93,85
1778981740,transformador/vibracao/fft_120hz,critico,0.49,0.45
1778981741,transformador/nucleo/temperatura,aviso,71.6,70
1778981744,transformador/nucleo/temperatura,aviso,77.91,70
1778981744,transformador/primario/corrente,critico,7.3,6
1778981746,transformador/primario/corrente,critico,6.51,6
1778981751,transformador/primario/corrente,aviso,5.68,4
1778981752,transformador/vibracao/fft_240hz,critico,0.32,0.25
1778981753,transformador/secundario/corrente,aviso,37.19,30
1778981757,transformador/vibracao/fft_240hz,critico,0.3,0.25
1778981759,transformador/vibracao/fft_240hz,critico,0.28,0.25
1778981760,transformador/vibracao/fft_120hz,critico,0.49,0.45
1778981761,transformador/vibracao/fft_120hz,critico,0.64,0.45
1778981767,transformador/vibracao/fft_120hz,critico,0.5,0.45
1778981776,transformador/nucleo/temperatura,aviso,74.61,70
1778981776,transformador/vibracao/fft_120hz,aviso,0.39,0.2
1778981782,transformador/vibracao/fft_240hz,aviso,0.21,0.1
1778981789,transformador/secundario/corrente,critico,45.26,45
1778981792,transformador/vibracao/fft_240hz,critico,0.28,0.25
1778981798,transformador/nucleo/delta_t,aviso,21.24,15
1778981800,transformador/vibracao/fft_120hz,critico,0.63,0.45
1778981801,transformador/nucleo/temperatura,aviso,74.15,70
1778981801,transformador/vibracao/fft_120hz,critico,0.62,0.45
1778981803,transformador/vibracao/fft_240hz,aviso,0.14,0.1
1778981804,transformador/nucleo/delta_t,aviso,19.04,15
1778981809,transformador/secundario/corrente,aviso,39.04,30
1778981811,transformador/primario/corrente,aviso,4.38,4
1778981813,transformador/primario/corrente,aviso,5.92,4
1778981826,transformador/primario/corrente,aviso,5.36,4
1778981828,transformador/vibracao/fft_240hz,aviso,0.19,0.1
1778981830,transformador/secundario/corrente,aviso,34.54,30
1778981835,transformador/vibracao/fft_120hz,aviso,0.37,0.2
1778981843,transformador/nucleo/delta_t,aviso,16.94,15
1778981844,transformador/vibracao/fft_240hz,critico,0.25,0.25
1778981849,transformador/vibracao/fft_240hz,critico,0.29,0.25
1778981851,transformador/nucleo/temperatura,aviso,83.83,70
1778981853,transformador/primario/corrente,critico,6.44,6
1778981855,transformador/primario/corrente,aviso,4.69,4
1778981861,transformador/vibracao/fft_120hz,aviso,0.42,0.2
1778981864,transformador/nucleo/temperatura,critico,88.97,85
1778981871,transformador/vibracao/fft_120hz,critico,0.68,0.45
1778981873,transformador/vibracao/fft_120hz,critico,0.58,0.45
1778981887,transformador/primario/corrente,critico,6.63,6
1778981888,transformador/vibracao/fft_120hz,aviso,0.39,0.2
1778981890,transformador/primario/corrente,aviso,5.55,4
1778981898,transformador/vibracao/fft_120hz,critico,0.52,0.45
1778981899,transformador/primario/corrente,critico,6.18,6
1778981904,transformador/vibracao/fft_120hz,critico,0.45,0.45
1778981908,transformador/primario/corrente,critico,6.31,6
1778981914,transformador/vibracao/fft_240hz,critico,0.29,0.25
1778981920,transformador/primario/corrente,aviso,4.02,4
1778981920,transformador/vibracao/fft_240hz,critico,0.29,0.25
1778981921,transformador/nucleo/delta_t,critico,29.4,25
1778981925,transformador/vibracao/fft_120hz,critico,0.45,0.45
1778981925,transformador/vibracao/fft_240hz,aviso,0.22,0.1
1778981938,transformador/vibracao/fft_120hz,aviso,0.43,0.2
1778981941,transformador/primario/corrente,aviso,4.56,4
1778981943,transformador/vibracao/fft_240hz,aviso,0.19,0.1
1778981950,transformador/secundario/corrente,critico,49.68,45
1778981951,transformador/vibracao/fft_240hz,aviso,0.18,0.1
1778981953,transformador/vibracao/fft_120hz,critico,0.69,0.45
1778981955,transformador/vibracao/fft_240hz,aviso,0.16,0.1
1778981962,transformador/secundario/corrente,aviso,39.56,30
1778981967,transformador/vibracao/fft_240hz,aviso,0.21,0.1
1778981968,transformador/nucleo/temperatura,aviso,82.29,70
1778981968,transformador/nucleo/delta_t,aviso,22.58,15
1778981971,transformador/primario/corrente,aviso,5.29,4
1778981976,transformador/nucleo/temperatura,aviso,77.53,70
1778981985,transformador/vibracao/fft_120hz,critico,0.54,0.45
1778981988,transformador/vibracao/fft_240hz,critico,0.27,0.25
1778981990,transformador/nucleo/temperatura,critico,91.1,85
1778981992,transformador/nucleo/temperatura,aviso,72.19,70
1778981993,transformador/vibracao/fft_240hz,aviso,0.2,0.1
1778981996,transformador/vibracao/fft_240hz,aviso,0.14,0.1
1778982002,transformador/vibracao/fft_240hz,aviso,0.2,0.1
1778982010,transformador/vibracao/fft_240hz,critico,0.27,0.25
1778982015,transformador/vibracao/fft_240hz,critico,0.31,0.25
1778982021,transformador/vibracao/fft_120hz,aviso,0.33,0.2
1778982023,transformador/primario/corrente,aviso,5.85,4
1778982025,transformador/vibracao/fft_120hz,critico,0.61,0.45
1778982032,transformador/primario/corrente,critico,7.64,6
1778982037,transformador/nucleo/temperatura,aviso,74.87,70
1778982040,transformador/secundario/corrente,aviso,40.23,30
1778982044,transformador/nucleo/temperatura,aviso,74.55,70
1778982044,transformador/vibracao/fft_120hz,critico,0.53,0.45
1778982052,transformador/nucleo/temperatura,aviso,72.47,70
1778982052,transformador/vibracao/fft_120hz,critico,0.55,0.45
1778982059,transformador/primario/corrente,aviso,5.54,4
1778982061,transformador/primario/corrente,aviso,4.77,4
1778982063,transformador/secundario/corrente,aviso,33.8,30
1778982064,transformador/vibracao/fft_240hz,critico,0.27,0.25
1778982066,transformador/secundario/corrente,aviso,33.4,30
1778982073,transformador/vibracao/fft_240hz,critico,0.28,0.25
1778982084,transformador/nucleo/delta_t,aviso,19.13,15
1778982084,transformador/secundario/corrente,aviso,37.73,30
1778982091,transformador/secundario/corrente,critico,52.6,45
1778982094,transformador/primario/corrente,aviso,4.7,4
1778982095,transformador/vibracao/fft_240hz,aviso,0.13,0.1
1778982099,transformador/nucleo/temperatura,critico,88.38,85
1778982099,transformador/vibracao/fft_120hz,aviso,0.43,0.2
1778982101,transformador/vibracao/fft_240hz,critico,0.28,0.25
1778982122,transformador/nucleo/delta_t,critico,29.74,25
1778982126,transformador/secundario/corrente,aviso,35.83,30
1778982138,transformador/nucleo/temperatura,aviso,77.07,70
1778982146,transformador/vibracao/fft_120hz,critico,0.6,0.45
1778982150,transformador/vibracao/fft_240hz,aviso,0.21,0.1
1778982159,transformador/nucleo/delta_t,aviso,21.73,15
1778982164,transformador/primario/corrente,aviso,5.64,4
1778982165,transformador/secundario/corrente,aviso,41.86,30
1778982166,transformador/secundario/corrente,critico,49.94,45
1778982166,transformador/vibracao/fft_120hz,critico,0.61,0.45
1778982171,transformador/secundario/corrente,aviso,41.68,30
1778982181,transformador/vibracao/fft_120hz,critico,0.51,0.45
1778982184,transformador/nucleo/temperatura,aviso,75.83,70
1778982185,transformador/vibracao/fft_120hz,critico,0.65,0.45
1778982186,transformador/primario/corrente,aviso,4.48,4
1778982194,transformador/secundario/corrente,critico,45.4,45
1778982198,transformador/secundario/corrente,aviso,31.75,30
1778982199,transformador/nucleo/temperatura,aviso,82.17,70
1778982199,transformador/secundario/corrente,aviso,40.6,30
1778982207,transformador/vibracao/fft_120hz,critico,0.52,0.45
1778982215,transformador/secundario/corrente,aviso,38.49,30
1778982223,transformador/vibracao/fft_240hz,aviso,0.13,0.1
1778982227,transformador/nucleo/delta_t,critico,28.69,25
1778982227,transformador/vibracao/fft_240hz,aviso,0.19,0.1
1778982234,transformador/vibracao/fft_240hz,aviso,0.17,0.1
1778982235,transformador/vibracao/fft_120hz,aviso,0.36,0.2
1778982240,transformador/nucleo/temperatura,aviso,81.72,70
1778982246,transformador/vibracao/fft_120hz,aviso,0.33,0.2
1778982248,transformador/nucleo/delta_t,aviso,16.45,15
1778982250,transformador/vibracao/fft_240hz,aviso,0.19,0.1
1778982253,transformador/vibracao/fft_120hz,aviso,0.32,0.2
1778982254,transformador/vibracao/fft_120hz,critico,0.52,0.45
1778982267,transformador/vibracao/fft_120hz,critico,0.53,0.45
1778982269,transformador/vibracao/fft_120hz,critico,0.53,0.45
1778982275,transformador/nucleo/temperatura,aviso,70.62,70
1778982276,transformador/vibracao/fft_240hz,aviso,0.22,0.1
1778982278,transformador/vibracao/fft_120hz,critico,0.63,0.45
1778982284,transformador/vibracao/fft_120hz,aviso,0.36,0.2
1778982285,transformador/vibracao/fft_120hz,aviso,0.36,0.2
1778982293,transformador/vibracao/fft_120hz,critico,0.55,0.45
1778982297,transformador/vibracao/fft_240hz,aviso,0.23,0.1
1778982300,transformador/nucleo/temperatura,aviso,82.67,70
1778982306,transformador/primario/corrente,critico,6.7,6
1778982308,transformador/secundario/corrente,critico,51.11,45
1778982311,transformador/primario/corrente,aviso,5.26,4
1778982316,transformador/vibracao/fft_120hz,aviso,0.44,0.2
1778982318,transformador/nucleo/temperatura,aviso,79.94,70
1778982322,transformador/vibracao/fft_240hz,aviso,0.15,0.1
1778982326,transformador/vibracao/fft_240hz,aviso,0.19,0.1
1778982335,transformador/secundario/corrente,aviso,41.62,30
1778982342,transformador/nucleo/temperatura,aviso,73.47,70
1778982344,transformador/primario/corrente,aviso,4.64,4
1778982344,transformador/vibracao/fft_240hz,aviso,0.18,0.1
1778982358,transformador/vibracao/fft_240hz,critico,0.33,0.25
1778982360,transformador/vibracao/fft_120hz,critico,0.45,0.45
1778982364,transformador/nucleo/temperatura,aviso,70.85,70
1778982364,transformador/secundario/corrente,aviso,38.69,30
1778982365,transformador/vibracao/fft_120hz,critico,0.51,0.45
1778982368,transformador/vibracao/fft_240hz,critico,0.33,0.25
1778982370,transformador/vibracao/fft_240hz,aviso,0.14,0.1
1778982375,transformador/vibracao/fft_120hz,critico,0.45,0.45
1778982379,transformador/vibracao/fft_240hz,aviso,0.14,0.1
1778982386,transformador/secundario/corrente,aviso,37.45,30
1778982388,transformador/vibracao/fft_240hz,critico,0.31,0.25
1778982390,transformador/nucleo/delta_t,aviso,24.96,15
1778982393,transformador/secundario/corrente,aviso,41.23,30
1778982395,transformador/vibracao/fft_240hz,aviso,0.13,0.1
1778982422,transformador/secundario/corrente,critico,50.93,45
1778982423,transformador/secundario/corrente,aviso,39.11,30
1778982431,transformador/secundario/corrente,aviso,43.69,30
1778982434,transformador/vibracao/fft_120hz,aviso,0.42,0.2
1778982440,transformador/vibracao/fft_120hz,critico,0.61,0.45
1778982443,transformador/secundario/corrente,aviso,43.89,30
1778982445,transformador/primario/corrente,aviso,4.28,4
1778982456,transformador/primario/corrente,aviso,5.92,4
1778982470,transformador/vibracao/fft_240hz,aviso,0.2,0.1
1778982471,transformador/vibracao/fft_120hz,aviso,0.35,0.2
1778982472,transformador/nucleo/delta_t,aviso,16.46,15
1778982485,transformador/nucleo/temperatura,aviso,78.32,70
1778982488,transformador/vibracao/fft_120hz,critico,0.46,0.45
1778982503,transformador/nucleo/delta_t,critico,29.59,25
1778982504,transformador/primario/corrente,critico,6.8,6
1778982508,transformador/secundario/corrente,critico,47.24,45
1778982512,transformador/nucleo/delta_t,critico,29.14,25
1778982512,transformador/vibracao/fft_120hz,critico,0.52,0.45
1778982527,transformador/vibracao/fft_120hz,aviso,0.27,0.2
1778982533,transformador/nucleo/delta_t,aviso,23.39,15
1778982533,transformador/primario/corrente,aviso,4.33,4
1778982538,transformador/primario/corrente,aviso,4.73,4
1778982546,transformador/vibracao/fft_120hz,aviso,0.33,0.2
1778982549,transformador/nucleo/temperatura,aviso,75.99,70
1778982550,transformador/primario/corrente,critico,6.39,6
1778982553,transformador/nucleo/delta_t,critico,32.84,25
1778982559,transformador/nucleo/delta_t,critico,29.76,25
1778982561,transformador/vibracao/fft_240hz,aviso,0.16,0.1
1778982565,transformador/primario/corrente,aviso,4.29,4
1778982572,transformador/secundario/corrente,critico,47.38,45
1778982575,transformador/nucleo/delta_t,aviso,18.81,15
1778982580,transformador/vibracao/fft_120hz,aviso,0.38,0.2
1778982586,transformador/primario/corrente,critico,6.61,6
1778982588,transformador/vibracao/fft_240hz,critico,0.27,0.25
1778982592,transformador/vibracao/fft_120hz,aviso,0.34,0.2
1778982595,transformador/nucleo/temperatura,aviso,76.08,70
1778982598,transformador/vibracao/fft_240hz,critico,0.29,0.25
1778982603,transformador/vibracao/fft_120hz,critico,0.51,0.45
1778982615,transformador/nucleo/temperatura,aviso,80.98,70
1778982623,transformador/vibracao/fft_240hz,critico,0.28,0.25
1778982629,transformador/secundario/corrente,critico,45.23,45
1778982639,transformador/vibracao/fft_240hz,critico,0.29,0.25
1778982642,transformador/nucleo/delta_t,aviso,17.38,15
1778982642,transformador/secundario/corrente,critico,48.26,45
1778982642,transformador/vibracao/fft_240hz,critico,0.32,0.25
1778982643,transformador/nucleo/temperatura,critico,86.61,85
1778982649,transformador/primario/corrente,critico,6.35,6
1778982651,transformador/secundario/corrente,aviso,40.05,30
1778982651,transformador/vibracao/fft_120hz,aviso,0.3,0.2
1778982655,transformador/primario/corrente,aviso,4.53,4
1778982656,transformador/nucleo/delta_t,aviso,20.78,15
1778982659,transformador/vibracao/fft_240hz,aviso,0.24,0.1
1778982660,transformador/nucleo/temperatura,aviso,80.6,70
1778982664,transformador/nucleo/delta_t,aviso,17.93,15
1778982664,transformador/vibracao/fft_240hz,aviso,0.18,0.1
1778982666,transformador/nucleo/temperatura,aviso,74.16,70
1778982666,transformador/primario/corrente,critico,6.61,6
1778982666,transformador/secundario/corrente,critico,56.11,45
1778982675,transformador/secundario/corrente,aviso,30.17,30
1778982678,transformador/vibracao/fft_120hz,critico,0.53,0.45
1778982681,transformador/nucleo/temperatura,aviso,73.73,70
1778982682,transformador/nucleo/delta_t,critico,26.73,25
1778982684,transformador/vibracao/fft_120hz,critico,0.51,0.45
1778982688,transformador/nucleo/delta_t,critico,29,25
1778982693,transformador/vibracao/fft_240hz,critico,0.29,0.25
1778982696,transformador/nucleo/temperatura,aviso,84.44,70
1778982697,transformador/primario/corrente,critico,6.47,6
1778982699,transformador/primario/corrente,critico,6.23,6
1778982700,transformador/nucleo/temperatura,aviso,79.28,70
1778982704,transformador/nucleo/delta_t,aviso,20.73,15
1778982707,transformador/nucleo/delta_t,aviso,17.32,15
1778982712,transformador/vibracao/fft_120hz,aviso,0.43,0.2
1778982715,transformador/vibracao/fft_120hz,aviso,0.36,0.2
1778982718,transformador/secundario/corrente,critico,50.22,45
1778982719,transformador/nucleo/delta_t,aviso,21.11,15
1778982720,transformador/vibracao/fft_120hz,aviso,0.34,0.2
1778982730,transformador/secundario/corrente,aviso,42.15,30
1778982730,transformador/vibracao/fft_120hz,aviso,0.42,0.2
1778982731,transformador/secundario/corrente,aviso,33.17,30
1778982734,transformador/secundario/corrente,critico,49.7,45
1778982734,transformador/vibracao/fft_120hz,aviso,0.4,0.2
1778982737,transformador/vibracao/fft_120hz,critico,0.59,0.45
1778982739,transformador/vibracao/fft_240hz,aviso,0.17,0.1
1778982742,transformador/nucleo/temperatura,aviso,83.63,70
1778982746,transformador/nucleo/temperatura,aviso,70.53,70
1778982747,transformador/nucleo/delta_t,aviso,24.81,15
1778982750,transformador/primario/corrente,aviso,5.58,4
1778982751,transformador/vibracao/fft_240hz,critico,0.32,0.25
1778982756,transformador/vibracao/fft_120hz,critico,0.59,0.45
1778982761,transformador/nucleo/temperatura,aviso,71.43,70
1778982763,transformador/primario/corrente,critico,7.32,6
1778982777,transformador/nucleo/temperatura,aviso,76.84,70
1778982780,transformador/nucleo/temperatura,aviso,84.54,70
1778982782,transformador/primario/corrente,critico,7.71,6
1778982783,transformador/nucleo/delta_t,aviso,18.56,15
1778982790,transformador/primario/corrente,aviso,4.75,4
1778982792,transformador/nucleo/temperatura,critico,85.21,85
1778982796,transformador/nucleo/temperatura,aviso,82.89,70
1778982796,transformador/vibracao/fft_120hz,critico,0.62,0.45
1778982804,transformador/vibracao/fft_120hz,critico,0.5,0.45
1778982806,transformador/vibracao/fft_240hz,critico,0.27,0.25
1778982808,transformador/primario/corrente,critico,6.54,6
1778982811,transformador/vibracao/fft_240hz,critico,0.28,0.25
1778982813,transformador/vibracao/fft_240hz,critico,0.25,0.25
1778982848,transformador/primario/corrente,aviso,4.76,4
1778982850,transformador/vibracao/fft_120hz,critico,0.57,0.45
1778982850,transformador/vibracao/fft_240hz,aviso,0.2,0.1
1778982857,transformador/vibracao/fft_120hz,aviso,0.33,0.2
1778982857,transformador/vibracao/fft_240hz,aviso,0.16,0.1
1778982869,transformador/nucleo/delta_t,aviso,24.28,15
1778982874,transformador/nucleo/temperatura,aviso,73.15,70
1778982881,transformador/vibracao/fft_120hz,critico,0.59,0.45
1778982899,transformador/nucleo/temperatura,aviso,78.97,70
1778982901,transformador/nucleo/delta_t,aviso,20.5,15
1778982901,transformador/vibracao/fft_120hz,aviso,0.43,0.2
1778982905,transformador/primario/corrente,critico,7.61,6
1778982910,transformador/vibracao/fft_240hz,aviso,0.15,0.1
1778982914,transformador/vibracao/fft_120hz,critico,0.63,0.45
1778982915,transformador/secundario/corrente,aviso,41.81,30
1778982924,transformador/primario/corrente,critico,6.19,6
1778982924,transformador/vibracao/fft_240hz,critico,0.32,0.25
1778982941,transformador/nucleo/temperatura,aviso,75.63,70
1778982947,transformador/vibracao/fft_240hz,aviso,0.19,0.1
1778982951,transformador/vibracao/fft_240hz,critico,0.26,0.25
1778982958,transformador/vibracao/fft_120hz,critico,0.48,0.45
1778982962,transformador/primario/corrente,critico,6.18,6
1778982969,transformador/secundario/corrente,aviso,33.37,30
1778982982,transformador/vibracao/fft_240hz,aviso,0.16,0.1
1778982985,transformador/vibracao/fft_120hz,critico,0.47,0.45
1778982994,transformador/nucleo/temperatura,aviso,71.49,70
1778982996,transformador/vibracao/fft_240hz,critico,0.3,0.25
1778983003,transformador/vibracao/fft_240hz,aviso,0.16,0.1
1778983006,transformador/primario/corrente,aviso,4.59,4
1778983018,transformador/vibracao/fft_120hz,aviso,0.41,0.2
1778983022,transformador/nucleo/delta_t,aviso,19.36,15
1778983028,transformador/vibracao/fft_240hz,aviso,0.19,0.1
1778983030,transformador/vibracao/fft_120hz,critico,0.54,0.45
1778983031,transformador/vibracao/fft_120hz,critico,0.66,0.45
1778983032,transformador/primario/corrente,aviso,4.3,4
1778983034,transformador/vibracao/fft_240hz,aviso,0.19,0.1
1778983040,transformador/nucleo/temperatura,aviso,78.74,70
1778983040,transformador/secundario/corrente,aviso,43.57,30
1778983042,transformador/primario/corrente,critico,6.2,6
1778983044,transformador/nucleo/temperatura,aviso,74.64,70
1778983053,transformador/nucleo/temperatura,aviso,70.84,70
1778983057,transformador/vibracao/fft_240hz,aviso,0.18,0.1
1778983060,transformador/secundario/corrente,aviso,41.05,30
1778983066,transformador/vibracao/fft_240hz,aviso,0.19,0.1
1778983071,transformador/vibracao/fft_120hz,aviso,0.44,0.2
1778983080,transformador/vibracao/fft_120hz,aviso,0.44,0.2
1778983084,transformador/vibracao/fft_120hz,critico,0.58,0.45
1778983090,transformador/vibracao/fft_120hz,aviso,0.28,0.2
1778983099,transformador/nucleo/temperatura,aviso,80.99,70
1778983100,transformador/nucleo/delta_t,aviso,21.25,15
1778983101,transformador/nucleo/temperatura,aviso,80.37,70
1778983106,transformador/vibracao/fft_120hz,critico,0.58,0.45
1778983117,transformador/vibracao/fft_120hz,critico,0.49,0.45
1778983131,transformador/vibracao/fft_120hz,critico,0.58,0.45
1778983133,transformador/secundario/corrente,critico,45.34,45
1778983134,transformador/secundario/corrente,critico,50.71,45
1778983135,transformador/vibracao/fft_120hz,critico,0.52,0.45
1778983142,transformador/vibracao/fft_120hz,critico,0.64,0.45
1778983146,transformador/vibracao/fft_120hz,critico,0.52,0.45
1778983154,transformador/vibracao/fft_120hz,critico,0.55,0.45
1778983156,transformador/vibracao/fft_240hz,aviso,0.18,0.1
1778983166,transformador/vibracao/fft_240hz,aviso,0.23,0.1
1778983171,transformador/secundario/corrente,aviso,32.15,30
1778983172,transformador/vibracao/fft_240hz,aviso,0.18,0.1
1778983173,transformador/primario/corrente,aviso,5.31,4
1778983174,transformador/nucleo/delta_t,aviso,24.54,15
1778983175,transformador/nucleo/temperatura,aviso,78.54,70
1778983176,transformador/vibracao/fft_240hz,aviso,0.2,0.1
1778983191,transformador/vibracao/fft_240hz,critico,0.27,0.25
1778983192,transformador/primario/corrente,aviso,5.25,4
1778983198,transformador/vibracao/fft_240hz,aviso,0.2,0.1
1778983200,transformador/vibracao/fft_120hz,aviso,0.37,0.2
1778983202,transformador/nucleo/temperatura,aviso,70.95,70
1778983205,transformador/vibracao/fft_120hz,aviso,0.42,0.2
1778983214,transformador/nucleo/delta_t,aviso,22.5,15
1778983218,transformador/secundario/corrente,critico,48.71,45
1778983221,transformador/vibracao/fft_120hz,critico,0.51,0.45
1778983224,transformador/primario/corrente,aviso,5.3,4
1778983227,transformador/nucleo/delta_t,aviso,19.21,15
1778983229,transformador/vibracao/fft_240hz,aviso,0.16,0.1
1778983233,transformador/vibracao/fft_240hz,critico,0.28,0.25
1778983234,transformador/primario/corrente,aviso,5.31,4
1778983236,transformador/secundario/corrente,aviso,35.28,30
1778983236,transformador/vibracao/fft_240hz,critico,0.28,0.25
1778983244,transformador/nucleo/delta_t,critico,26.02,25
1778983247,transformador/secundario/corrente,aviso,37.26,30
1778983249,transformador/secundario/corrente,aviso,38.79,30
1778983262,transformador/vibracao/fft_240hz,aviso,0.18,0.1
1778983274,transformador/secundario/corrente,critico,47.98,45
1778983287,transformador/vibracao/fft_240hz,critico,0.32,0.25
1778983295,transformador/nucleo/temperatura,aviso,80.13,70
1778983297,transformador/nucleo/temperatura,critico,89.01,85
1778983298,transformador/vibracao/fft_120hz,critico,0.64,0.45
1778983299,transformador/primario/corrente,critico,7.11,6
1778983312,transformador/secundario/corrente,aviso,31.47,30
1778983316,transformador/vibracao/fft_240hz,aviso,0.23,0.1
1778983317,transformador/vibracao/fft_120hz,critico,0.46,0.45
1778983319,transformador/vibracao/fft_240hz,aviso,0.16,0.1
1778983322,transformador/nucleo/delta_t,aviso,23.33,15
1778983330,transformador/nucleo/temperatura,aviso,72.06,70
1778983330,transformador/primario/corrente,aviso,5.8,4
1778983330,transformador/vibracao/fft_120hz,critico,0.7,0.45
1778983331,transformador/primario/corrente,aviso,5.88,4
1778983333,transformador/nucleo/delta_t,aviso,16.66,15
1778983335,transformador/secundario/corrente,critico,48.21,45
1778983340,transformador/secundario/corrente,critico,47.17,45
1778983344,transformador/secundario/corrente,aviso,43.49,30
1778983348,transformador/vibracao/fft_120hz,critico,0.5,0.45
1778983349,transformador/vibracao/fft_240hz,aviso,0.24,0.1
1778983351,transformador/vibracao/fft_120hz,aviso,0.34,0.2
1778983353,transformador/nucleo/delta_t,critico,27.35,25
1778983356,transformador/vibracao/fft_120hz,critico,0.59,0.45
1778983358,transformador/secundario/corrente,aviso,43.84,30
1778983364,transformador/vibracao/fft_120hz,aviso,0.37,0.2
1778983366,transformador/vibracao/fft_120hz,aviso,0.36,0.2
1778983367,transformador/vibracao/fft_240hz,critico,0.25,0.25
1778983369,transformador/vibracao/fft_240hz,critico,0.31,0.25
1778983390,transformador/nucleo/delta_t,aviso,24.95,15
1778983405,transformador/nucleo/temperatura,critico,86.3,85
1778983406,transformador/vibracao/fft_120hz,critico,0.6,0.45
1778983410,transformador/vibracao/fft_120hz,critico,0.61,0.45
1778983415,transformador/secundario/corrente,aviso,43.92,30
1778983424,transformador/secundario/corrente,aviso,44.48,30
1778983429,transformador/vibracao/fft_120hz,aviso,0.42,0.2
1778983431,transformador/nucleo/temperatura,aviso,73.24,70
1778983432,transformador/primario/corrente,aviso,4.28,4
1778983439,transformador/vibracao/fft_240hz,aviso,0.22,0.1
1778983440,transformador/nucleo/temperatura,aviso,84.94,70
1778983443,transformador/primario/corrente,critico,6.05,6
1778983443,transformador/secundario/corrente,critico,50.02,45
1778983450,transformador/primario/corrente,aviso,4.8,4
1778983450,transformador/vibracao/fft_120hz,critico,0.7,0.45
1778983461,transformador/vibracao/fft_240hz,aviso,0.18,0.1
1778983462,transformador/vibracao/fft_120hz,aviso,0.36,0.2
1778983468,transformador/vibracao/fft_240hz,critico,0.25,0.25
1778983472,transformador/secundario/corrente,aviso,41.84,30
1778983479,transformador/vibracao/fft_120hz,critico,0.69,0.45
1778983483,transformador/nucleo/temperatura,aviso,76.15,70
1778983488,transformador/nucleo/temperatura,critico,89.85,85
1778983491,transformador/secundario/corrente,aviso,37.39,30
1778983494,transformador/nucleo/delta_t,aviso,20.66,15
1778983501,transformador/nucleo/delta_t,critico,30.74,25
1778983506,transformador/primario/corrente,aviso,5.99,4
1778983507,transformador/vibracao/fft_120hz,critico,0.67,0.45
1778983510,transformador/primario/corrente,critico,7.42,6
1778983520,transformador/primario/corrente,aviso,5.83,4
1778983521,transformador/primario/corrente,aviso,4.5,4
1778983521,transformador/vibracao/fft_240hz,critico,0.28,0.25
1778983522,transformador/vibracao/fft_240hz,aviso,0.15,0.1
1778983523,transformador/nucleo/temperatura,aviso,77.23,70
1778983528,transformador/vibracao/fft_120hz,critico,0.67,0.45
1778983529,transformador/secundario/corrente,aviso,42.9,30
1778983531,transformador/secundario/corrente,critico,47.37,45
1778983532,transformador/vibracao/fft_120hz,critico,0.56,0.45
1778983533,transformador/nucleo/temperatura,aviso,76.5,70
1778983539,transformador/secundario/corrente,critico,46.92,45
1778983549,transformador/primario/corrente,aviso,4.34,4
1778983559,transformador/primario/corrente,critico,6.2,6
1778983562,transformador/primario/corrente,aviso,5.04,4
1778983564,transformador/secundario/corrente,aviso,40.78,30
1778983569,transformador/secundario/corrente,aviso,33.44,30
1778983570,transformador/vibracao/fft_120hz,aviso,0.36,0.2
1778983571,transformador/vibracao/fft_120hz,aviso,0.32,0.2
1778983574,transformador/vibracao/fft_120hz,critico,0.46,0.45
1778983578,transformador/primario/corrente,aviso,4.39,4
1778983581,transformador/nucleo/temperatura,aviso,75.46,70
1778983595,transformador/nucleo/temperatura,aviso,80.32,70
1778983595,transformador/primario/corrente,aviso,5.81,4
1778983596,transformador/secundario/corrente,critico,46.37,45
1778983597,transformador/vibracao/fft_120hz,critico,0.48,0.45
1778983604,transformador/vibracao/fft_240hz,critico,0.34,0.25
1778983607,transformador/nucleo/temperatura,aviso,79.44,70
1778983608,transformador/nucleo/delta_t,aviso,20.01,15
1778983610,transformador/primario/corrente,aviso,4.78,4
1778983617,transformador/vibracao/fft_120hz,critico,0.57,0.45
1778983624,transformador/nucleo/temperatura,critico,87.16,85
1778983628,transformador/primario/corrente,aviso,4.89,4
1778983634,transformador/nucleo/temperatura,critico,93.9,85
1778983634,transformador/vibracao/fft_120hz,critico,0.48,0.45
1778983635,transformador/vibracao/fft_240hz,aviso,0.23,0.1
1778983651,transformador/nucleo/delta_t,critico,27.14,25
1778983652,transformador/vibracao/fft_240hz,critico,0.36,0.25
1778983662,transformador/nucleo/temperatura,aviso,77.58,70
1778983665,transformador/primario/corrente,aviso,5.33,4
1778983679,transformador/secundario/corrente,aviso,32.03,30
1778983686,transformador/vibracao/fft_120hz,aviso,0.31,0.2
1778983696,transformador/vibracao/fft_240hz,aviso,0.18,0.1
1778983702,transformador/nucleo/temperatura,aviso,79.59,70
1778983705,transformador/secundario/corrente,critico,48.38,45
1778983706,transformador/primario/corrente,critico,7.44,6
1778983722,transformador/vibracao/fft_120hz,aviso,0.31,0.2
1778983723,transformador/nucleo/temperatura,critico,88,85
1778983731,transformador/vibracao/fft_120hz,critico,0.66,0.45
1778983734,transformador/nucleo/temperatura,aviso,74.47,70
1778983736,transformador/vibracao/fft_120hz,aviso,0.43,0.2
1778983739,transformador/nucleo/delta_t,aviso,20.46,15
1778983745,transformador/nucleo/delta_t,aviso,17.76,15
1778983748,transformador/nucleo/temperatura,aviso,82.54,70
1778983749,transformador/primario/corrente,aviso,4.82,4
1778983755,transformador/secundario/corrente,critico,56.31,45
1778983755,transformador/vibracao/fft_120hz,critico,0.45,0.45
1778983760,transformador/nucleo/temperatura,aviso,72.54,70
1778983760,transformador/secundario/corrente,aviso,39.55,30
1778983763,transformador/secundario/corrente,aviso,34.72,30
1778983778,transformador/primario/corrente,critico,6.22,6
1778983779,transformador/primario/corrente,critico,7.82,6
1778983783,transformador/vibracao/fft_120hz,aviso,0.41,0.2
1778983785,transformador/secundario/corrente,aviso,36.14,30
1778983789,transformador/primario/corrente,critico,7.07,6
1778983789,transformador/vibracao/fft_120hz,aviso,0.28,0.2
1778983790,transformador/primario/corrente,aviso,5.98,4
1778983790,transformador/vibracao/fft_240hz,aviso,0.18,0.1
1778983791,transformador/vibracao/fft_240hz,aviso,0.21,0.1
1778983793,transformador/nucleo/delta_t,aviso,22.76,15
1778983797,transformador/vibracao/fft_120hz,critico,0.45,0.45
1778983798,transformador/vibracao/fft_120hz,critico,0.53,0.45
1778983810,transformador/nucleo/temperatura,aviso,73.2,70
1778983813,transformador/vibracao/fft_120hz,aviso,0.42,0.2
1778983815,transformador/nucleo/delta_t,aviso,20.39,15
1778983820,transformador/primario/corrente,critico,6.61,6
1778983822,transformador/nucleo/temperatura,aviso,77.16,70
1778983831,transformador/primario/corrente,critico,7.69,6
1778983833,transformador/vibracao/fft_240hz,aviso,0.2,0.1
1778983834,transformador/secundario/corrente,aviso,42.53,30
1778983837,transformador/primario/corrente,critico,6.7,6
1778983842,transformador/primario/corrente,aviso,5.14,4
1778983850,transformador/vibracao/fft_120hz,aviso,0.35,0.2
1778983855,transformador/vibracao/fft_120hz,aviso,0.35,0.2
1778983863,transformador/vibracao/fft_120hz,critico,0.54,0.45
1778983866,transformador/nucleo/temperatura,aviso,80.86,70
1778983872,transformador/vibracao/fft_240hz,aviso,0.22,0.1
1778983876,transformador/secundario/corrente,aviso,36.44,30
1778983884,transformador/nucleo/temperatura,aviso,75.08,70
1778983884,transformador/secundario/corrente,aviso,30.02,30
1778983903,transformador/vibracao/fft_120hz,aviso,0.4,0.2
1778983904,transformador/vibracao/fft_120hz,aviso,0.39,0.2
1778983911,transformador/secundario/corrente,aviso,41.78,30
1778983911,transformador/vibracao/fft_240hz,critico,0.3,0.25
1778983913,transformador/secundario/corrente,aviso,40.71,30
1778983918,transformador/vibracao/fft_120hz,critico,0.6,0.45
1778983922,transformador/primario/corrente,aviso,5.5,4
1778983928,transformador/vibracao/fft_120hz,aviso,0.32,0.2
1778983930,transformador/secundario/corrente,critico,51.49,45
1778983933,transformador/vibracao/fft_240hz,critico,0.3,0.25
1778983934,transformador/nucleo/delta_t,critico,28.21,25
1778983934,transformador/vibracao/fft_120hz,critico,0.46,0.45
1778983936,transformador/vibracao/fft_120hz,critico,0.64,0.45
1778983936,transformador/vibracao/fft_240hz,critico,0.26,0.25
1778983941,transformador/nucleo/delta_t,critico,26.66,25
1778983946,transformador/vibracao/fft_120hz,aviso,0.36,0.2
1778983948,transformador/nucleo/temperatura,aviso,75.68,70
1778983950,transformador/secundario/corrente,critico,56.19,45
1778983955,transformador/nucleo/delta_t,aviso,21.38,15
1778983955,transformador/vibracao/fft_120hz,critico,0.49,0.45
1778983955,transformador/vibracao/fft_240hz,aviso,0.18,0.1
1778983958,transformador/primario/corrente,aviso,5.57,4
1778983959,transformador/secundario/corrente,critico,51.87,45
1778983961,transformador/vibracao/fft_120hz,critico,0.45,0.45
1778983968,transformador/vibracao/fft_120hz,aviso,0.41,0.2
1778983970,transformador/vibracao/fft_120hz,critico,0.57,0.45
1778983971,transformador/vibracao/fft_240hz,aviso,0.23,0.1
1778983984,transformador/nucleo/delta_t,critico,26.38,25
1778983987,transformador/primario/corrente,critico,6.26,6
1778983990,transformador/primario/corrente,critico,6.61,6
1778984000,transformador/primario/corrente,critico,6.01,6
1778984001,transformador/nucleo/temperatura,aviso,70.77,70
1778984004,transformador/primario/corrente,critico,6.38,6
1778984016,transformador/vibracao/fft_120hz,aviso,0.28,0.2
1778984017,transformador/vibracao/fft_120hz,critico,0.61,0.45
1778984029,transformador/secundario/corrente,aviso,43.63,30
1778984041,transformador/secundario/corrente,aviso,35.63,30
1778984044,transformador/primario/corrente,aviso,4.18,4
1778984052,transformador/nucleo/delta_t,aviso,18.08,15
1778984057,transformador/vibracao/fft_120hz,critico,0.52,0.45
1778984060,transformador/primario/corrente,aviso,5.34,4
1778984078,transformador/vibracao/fft_120hz,aviso,0.37,0.2
1778984088,transformador/nucleo/temperatura,aviso,74.23,70
1778984092,transformador/secundario/corrente,aviso,38.7,30
1778984104,transformador/secundario/corrente,aviso,37.66,30
1778984112,transformador/secundario/corrente,aviso,39.32,30
1778984114,transformador/primario/corrente,aviso,5.04,4
1778984123,transformador/vibracao/fft_120hz,critico,0.49,0.45
1778984128,transformador/vibracao/fft_120hz,critico,0.58,0.45
1778984129,transformador/primario/corrente,critico,6.36,6
1778984130,transformador/primario/corrente,critico,6.68,6
1778984131,transformador/primario/corrente,aviso,5.21,4
1778984137,transformador/vibracao/fft_120hz,critico,0.66,0.45
1778984142,transformador/vibracao/fft_240hz,critico,0.28,0.25
1778984145,transformador/nucleo/temperatura,aviso,77.24,70
1778984150,transformador/vibracao/fft_240hz,aviso,0.22,0.1
1778984157,transformador/primario/corrente,aviso,5.28,4
1778984163,transformador/secundario/corrente,critico,45.71,45
1778984168,transformador/vibracao/fft_120hz,critico,0.64,0.45
1778984169,transformador/nucleo/delta_t,aviso,24.71,15
1778984171,transformador/nucleo/temperatura,critico,91.11,85
1778984174,transformador/nucleo/temperatura,aviso,77.04,70
1778984179,transformador/vibracao/fft_120hz,aviso,0.32,0.2
1778984181,transformador/nucleo/delta_t,aviso,24.2,15
1778984184,transformador/vibracao/fft_120hz,critico,0.67,0.45
1778984200,transformador/nucleo/delta_t,critico,26.37,25
1778984204,transformador/primario/corrente,aviso,4.1,4
1778984204,transformador/vibracao/fft_240hz,critico,0.37,0.25
1778984206,transformador/vibracao/fft_120hz,critico,0.69,0.45
1778984216,transformador/vibracao/fft_240hz,critico,0.32,0.25
1778984224,transformador/vibracao/fft_240hz,aviso,0.15,0.1
1778984228,transformador/nucleo/temperatura,aviso,80.64,70
1778984229,transformador/vibracao/fft_240hz,critico,0.36,0.25
1778984233,transformador/primario/corrente,aviso,4.63,4
1778984241,transformador/vibracao/fft_120hz,critico,0.66,0.45
1778984244,transformador/nucleo/delta_t,aviso,21.4,15
1778984254,transformador/vibracao/fft_240hz,critico,0.28,0.25
1778984256,transformador/vibracao/fft_240hz,critico,0.31,0.25
1778984260,transformador/vibracao/fft_240hz,critico,0.25,0.25
1778984264,transformador/vibracao/fft_120hz,critico,0.58,0.45
1778984267,transformador/nucleo/delta_t,aviso,24.18,15
1778984271,transformador/nucleo/delta_t,critico,27.23,25
1778984274,transformador/vibracao/fft_120hz,aviso,0.43,0.2
1778984275,transformador/vibracao/fft_120hz,critico,0.62,0.45
1778984283,transformador/nucleo/temperatura,aviso,77.57,70
1778984284,transformador/vibracao/fft_240hz,aviso,0.22,0.1
1778984287,transformador/primario/corrente,aviso,5.07,4
1778984287,transformador/vibracao/fft_240hz,aviso,0.16,0.1
1778984288,transformador/vibracao/fft_240hz,critico,0.26,0.25
1778984292,transformador/secundario/corrente,aviso,34.35,30
1778984296,transformador/nucleo/delta_t,aviso,15.35,15
1778984296,transformador/vibracao/fft_120hz,aviso,0.41,0.2
1778984298,transformador/secundario/corrente,aviso,36.18,30
1778984310,transformador/primario/corrente,critico,6.36,6
1778984328,transformador/secundario/corrente,critico,48.14,45
1778984334,transformador/vibracao/fft_120hz,critico,0.55,0.45
1778984336,transformador/vibracao/fft_120hz,aviso,0.28,0.2
1778984341,transformador/nucleo/delta_t,aviso,19.37,15
1778984341,transformador/primario/corrente,aviso,5.44,4
1778984342,transformador/vibracao/fft_120hz,aviso,0.34,0.2
1778984349,transformador/nucleo/temperatura,critico,85.98,85
1778984353,transformador/primario/corrente,aviso,4.61,4
1778984353,transformador/vibracao/fft_240hz,critico,0.31,0.25
1778984356,transformador/vibracao/fft_120hz,critico,0.64,0.45
1778984362,transformador/primario/corrente,critico,6.1,6
1778984365,transformador/nucleo/temperatura,critico,86.11,85
1778984365,transformador/vibracao/fft_240hz,critico,0.32,0.25
1778984368,transformador/vibracao/fft_120hz,critico,0.47,0.45
1778984370,transformador/vibracao/fft_120hz,critico,0.5,0.45
1778984373,transformador/secundario/corrente,aviso,43.73,30
1778984374,transformador/nucleo/temperatura,aviso,75.04,70
1778984379,transformador/nucleo/temperatura,critico,85.31,85
1778984389,transformador/nucleo/delta_t,aviso,20.84,15
1778984403,transformador/nucleo/temperatura,aviso,84.8,70
1778984407,transformador/secundario/corrente,aviso,32.09,30
1778984409,transformador/vibracao/fft_240hz,critico,0.25,0.25
1778984416,transformador/nucleo/temperatura,aviso,74.61,70
1778984416,transformador/vibracao/fft_240hz,critico,0.3,0.25
1778984419,transformador/vibracao/fft_240hz,critico,0.3,0.25
1778984433,transformador/nucleo/temperatura,aviso,71.56,70
1778984434,transformador/primario/corrente,aviso,5.66,4
1778984447,transformador/vibracao/fft_120hz,aviso,0.37,0.2
1778984455,transformador/primario/corrente,critico,6.65,6
1778984466,transformador/vibracao/fft_240hz,aviso,0.22,0.1
1778984467,transformador/primario/corrente,critico,6.73,6
1778984469,transformador/nucleo/temperatura,aviso,79.14,70
1778984472,transformador/vibracao/fft_240hz,aviso,0.14,0.1
1778984478,transformador/vibracao/fft_120hz,aviso,0.33,0.2
1778984488,transformador/primario/corrente,aviso,5.18,4
1778984491,transformador/vibracao/fft_240hz,aviso,0.19,0.1
1778984500,transformador/nucleo/temperatura,aviso,75.95,70
1778984510,transformador/vibracao/fft_240hz,critico,0.28,0.25
1778984515,transformador/primario/corrente,critico,6.21,6
1778984515,transformador/vibracao/fft_240hz,critico,0.28,0.25
1778984518,transformador/vibracao/fft_120hz,critico,0.45,0.45
1778984520,transformador/primario/corrente,critico,6.34,6
1778984525,transformador/primario/corrente,aviso,4.12,4
1778984525,transformador/vibracao/fft_120hz,aviso,0.44,0.2
1778984526,transformador/vibracao/fft_120hz,critico,0.51,0.45
1778984528,transformador/nucleo/delta_t,aviso,23.03,15
1778984528,transformador/vibracao/fft_120hz,critico,0.46,0.45
1778984536,transformador/nucleo/temperatura,critico,85.01,85
1778984539,transformador/primario/corrente,critico,6.32,6
1778984540,transformador/nucleo/delta_t,aviso,20.74,15
1778984543,transformador/primario/corrente,critico,6,6
1778984552,transformador/vibracao/fft_240hz,critico,0.32,0.25
1778984557,transformador/nucleo/delta_t,aviso,18.97,15
1778984558,transformador/secundario/corrente,aviso,37.52,30
1778984558,transformador/vibracao/fft_120hz,critico,0.47,0.45
1778984578,transformador/nucleo/delta_t,aviso,16.7,15
1778984580,transformador/vibracao/fft_120hz,aviso,0.41,0.2
1778984584,transformador/secundario/corrente,aviso,35.2,30
1778984584,transformador/vibracao/fft_120hz,aviso,0.3,0.2
1778984585,transformador/secundario/corrente,aviso,43.53,30
1778984591,transformador/nucleo/delta_t,critico,32.32,25
1778984592,transformador/nucleo/temperatura,aviso,76.59,70
1778984595,transformador/nucleo/delta_t,aviso,21.84,15
1778984595,transformador/primario/corrente,critico,6.06,6
1778984597,transformador/primario/corrente,critico,6.63,6
1778984600,transformador/vibracao/fft_120hz,aviso,0.4,0.2
1778984602,transformador/nucleo/temperatura,aviso,82.55,70
1778984605,transformador/primario/corrente,aviso,4.52,4
1778984613,transformador/vibracao/fft_240hz,critico,0.32,0.25
1778984614,transformador/vibracao/fft_120hz,aviso,0.42,0.2
1778984616,transformador/nucleo/temperatura,aviso,78.38,70
1778984617,transformador/nucleo/delta_t,aviso,18.39,15
1778984617,transformador/secundario/corrente,critico,47.43,45
1778984618,transformador/vibracao/fft_240hz,aviso,0.16,0.1
1778984619,transformador/primario/corrente,aviso,4.6,4
1778984622,transformador/vibracao/fft_120hz,critico,0.64,0.45
1778984623,transformador/vibracao/fft_240hz,critico,0.3,0.25
1778984628,transformador/vibracao/fft_120hz,critico,0.54,0.45
1778984630,transformador/secundario/corrente,aviso,40.23,30
1778984635,transformador/vibracao/fft_120hz,aviso,0.35,0.2
1778984640,transformador/vibracao/fft_240hz,aviso,0.15,0.1
1778984645,transformador/nucleo/temperatura,aviso,80.41,70
1778984653,transformador/primario/corrente,critico,7.14,6
1778984655,transformador/primario/corrente,aviso,5.85,4
1778984660,transformador/nucleo/temperatura,aviso,81.34,70
1778984661,transformador/nucleo/delta_t,critico,25.69,25
1778984662,transformador/nucleo/temperatura,critico,92.46,85
1778984662,transformador/primario/corrente,aviso,5.74,4
1778984670,transformador/vibracao/fft_240hz,critico,0.26,0.25
1778984683,transformador/nucleo/delta_t,aviso,24.07,15
1778984685,transformador/vibracao/fft_120hz,aviso,0.38,0.2
1778984687,transformador/primario/corrente,aviso,5.55,4
1778984695,transformador/secundario/corrente,aviso,44.02,30
1778984705,transformador/nucleo/temperatura,critico,85.68,85
1778984706,transformador/primario/corrente,critico,7.3,6
1778984716,transformador/vibracao/fft_240hz,critico,0.27,0.25
1778984718,transformador/vibracao/fft_240hz,aviso,0.21,0.1
1778984719,transformador/vibracao/fft_240hz,aviso,0.21,0.1
1778984726,transformador/secundario/corrente,aviso,31.35,30
1778984729,transformador/primario/corrente,aviso,5.65,4
1778984731,transformador/vibracao/fft_120hz,aviso,0.32,0.2
1778984733,transformador/nucleo/delta_t,aviso,18.53,15
1778984733,transformador/primario/corrente,critico,6.75,6
1778984738,transformador/primario/corrente,aviso,5.44,4
1778984741,transformador/secundario/corrente,aviso,38.82,30
1778984748,transformador/nucleo/delta_t,aviso,22.17,15
1778984749,transformador/vibracao/fft_120hz,critico,0.51,0.45
1778984755,transformador/vibracao/fft_120hz,aviso,0.34,0.2
1778984758,transformador/nucleo/delta_t,aviso,22.49,15
1778984758,transformador/vibracao/fft_240hz,critico,0.29,0.25
1778984763,transformador/primario/corrente,aviso,4.62,4
1778984764,transformador/nucleo/delta_t,critico,25.83,25
1778984764,transformador/vibracao/fft_120hz,critico,0.55,0.45
1778984765,transformador/vibracao/fft_240hz,critico,0.29,0.25
1778984768,transformador/primario/corrente,aviso,5.18,4
1778984770,transformador/vibracao/fft_240hz,aviso,0.19,0.1
1778984773,transformador/secundario/corrente,critico,46.13,45
1778984783,transformador/vibracao/fft_120hz,critico,0.55,0.45
1778984784,transformador/vibracao/fft_240hz,critico,0.31,0.25
1778984805,transformador/nucleo/delta_t,aviso,20.2,15
1778984813,transformador/primario/corrente,aviso,4.52,4
1778984814,transformador/nucleo/delta_t,aviso,18.65,15
1778984823,transformador/secundario/corrente,critico,45.81,45
1778984824,transformador/primario/corrente,critico,7.43,6
1778984826,transformador/vibracao/fft_120hz,critico,0.65,0.45
1778984831,transformador/nucleo/temperatura,aviso,74.77,70
1778984832,transformador/vibracao/fft_240hz,aviso,0.16,0.1
1778984842,transformador/nucleo/delta_t,aviso,21.46,15
1778984844,transformador/nucleo/temperatura,aviso,79.82,70
1778984855,transformador/nucleo/temperatura,aviso,77.83,70
1778984860,transformador/nucleo/delta_t,critico,28.79,25
1778984862,transformador/secundario/corrente,aviso,37.64,30
1778984864,transformador/nucleo/delta_t,critico,26.19,25
1778984867,transformador/vibracao/fft_240hz,aviso,0.17,0.1
1778984870,transformador/vibracao/fft_240hz,critico,0.28,0.25
1778984879,transformador/vibracao/fft_120hz,critico,0.59,0.45
1778984879,transformador/vibracao/fft_240hz,critico,0.34,0.25
1778984883,transformador/vibracao/fft_240hz,aviso,0.18,0.1
1778984888,transformador/vibracao/fft_240hz,critico,0.33,0.25
1778984894,transformador/nucleo/temperatura,aviso,82.97,70
1778984896,transformador/vibracao/fft_120hz,critico,0.67,0.45
1778984899,transformador/vibracao/fft_240hz,critico,0.31,0.25
1778984905,transformador/nucleo/temperatura,aviso,74.67,70
1778984907,transformador/secundario/corrente,aviso,39.21,30
1778984908,transformador/vibracao/fft_120hz,aviso,0.24,0.2
1778984910,transformador/secundario/corrente,aviso,39.27,30
1778984910,transformador/vibracao/fft_240hz,aviso,0.19,0.1
1778984913,transformador/vibracao/fft_120hz,critico,0.54,0.45
1778984923,transformador/secundario/corrente,aviso,44.23,30
1778984926,transformador/nucleo/delta_t,critico,28.41,25
1778984927,transformador/vibracao/fft_240hz,aviso,0.19,0.1
1778984930,transformador/primario/corrente,aviso,5.85,4
1778984936,transformador/vibracao/fft_240hz,critico,0.29,0.25
1778984945,transformador/secundario/corrente,aviso,41.17,30
1778984945,transformador/vibracao/fft_120hz,aviso,0.37,0.2
1778984946,transformador/nucleo/delta_t,aviso,22.18,15
1778984948,transformador/vibracao/fft_120hz,aviso,0.39,0.2
1778984949,transformador/nucleo/delta_t,aviso,24.63,15
1778984949,transformador/vibracao/fft_240hz,critico,0.34,0.25
1778984965,transformador/vibracao/fft_120hz,critico,0.55,0.45
1778984967,transformador/secundario/corrente,aviso,40.37,30
1778984968,transformador/vibracao/fft_120hz,aviso,0.32,0.2
1778984968,transformador/vibracao/fft_240hz,critico,0.3,0.25
1778984970,transformador/secundario/corrente,critico,45.47,45
1778985194,transformador/secundario/corrente,critico,53.18,45
1778985203,transformador/vibracao/fft_120hz,aviso,0.43,0.2
1778985209,transformador/secundario/corrente,aviso,35.5,30
1778985210,transformador/nucleo/temperatura,aviso,70.8,70
1778985213,transformador/primario/corrente,aviso,5.75,4
1778985214,transformador/secundario/corrente,critico,49.01,45
1778985215,transformador/vibracao/fft_120hz,aviso,0.32,0.2
1778985219,transformador/primario/corrente,aviso,4.27,4
1778985222,transformador/primario/corrente,critico,6,6
1778985223,transformador/nucleo/temperatura,aviso,83.89,70
1778985233,transformador/secundario/corrente,critico,49.58,45
1778985235,transformador/vibracao/fft_120hz,aviso,0.4,0.2
1778985239,transformador/vibracao/fft_120hz,aviso,0.43,0.2
1778985247,transformador/primario/corrente,critico,6.61,6
1778985249,transformador/vibracao/fft_120hz,critico,0.46,0.45
1778985260,transformador/secundario/corrente,critico,56.19,45
1778985260,transformador/vibracao/fft_120hz,aviso,0.41,0.2
1778985262,transformador/vibracao/fft_240hz,aviso,0.24,0.1
1778985267,transformador/primario/corrente,aviso,4.71,4
1778985268,transformador/vibracao/fft_120hz,aviso,0.44,0.2
1778985272,transformador/secundario/corrente,aviso,41.42,30
1778985275,transformador/nucleo/delta_t,aviso,23.47,15
1778985275,transformador/primario/corrente,aviso,4.65,4
1778985276,transformador/nucleo/delta_t,aviso,24.7,15
1778985277,transformador/vibracao/fft_120hz,critico,0.45,0.45
1778985282,transformador/vibracao/fft_240hz,critico,0.26,0.25
1778985362,transformador/primario/corrente,aviso,4.14,4
1778985363,transformador/vibracao/fft_240hz,aviso,0.2,0.1
1778985373,transformador/nucleo/delta_t,aviso,23.76,15
1778985374,transformador/secundario/corrente,aviso,37.43,30
1778985374,transformador/vibracao/fft_120hz,aviso,0.41,0.2
1778985390,transformador/vibracao/fft_120hz,aviso,0.41,0.2
1778985415,transformador/nucleo/temperatura,aviso,77.11,70
1778985419,transformador/secundario/corrente,aviso,36.46,30
1778985420,transformador/vibracao/fft_240hz,aviso,0.22,0.1
1778985424,transformador/primario/corrente,critico,7,6
1778985425,transformador/vibracao/fft_120hz,critico,0.51,0.45
1778985430,transformador/vibracao/fft_120hz,aviso,0.41,0.2
1778985432,transformador/vibracao/fft_240hz,aviso,0.22,0.1
1778985434,transformador/secundario/corrente,critico,50.27,45
1778985437,transformador/nucleo/delta_t,critico,26.98,25
1778985443,transformador/vibracao/fft_120hz,aviso,0.44,0.2
1778985448,transformador/nucleo/temperatura,aviso,74.33,70
1778985452,transformador/vibracao/fft_120hz,critico,0.49,0.45
1778985460,transformador/nucleo/temperatura,aviso,71.75,70
